{
  "name" : "reusableOffice365Login",
  "displayName" : "reusableOffice365Login",
  "type" : "oauth2",
  "version" : "1.0",
  "metaPreference" : -1,
  "config" : "{\"logout_url\":\"\",\"auth_type\":\"oauth2\",\"additional_data\":{\"refresh_request\":[{\"in\":\"form\",\"source\":\"constant\",\"value\":\"https://outlook.office365.com\",\"key\":\"resource\"}],\"token_request\":[{\"in\":\"form\",\"source\":\"constant\",\"value\":\"https://outlook.office365.com\",\"key\":\"resource\"}],\"revoke_request\":[],\"profile_request\":[],\"authorize_request\":[]},\"grant_type\":\"authorization_code\",\"profile\":{\"profile_attribute_selectors\":{\"federation_id\":\"\",\"last_name\":\"\",\"custom_profile_attribute_selectors\":{},\"first_name\":\"\",\"email\":\"\"},\"endpoint\":{\"location\":\"\",\"type\":\"none\",\"value\":\"\"},\"request_method\":\"GET\"},\"authentication_scheme\":\"header\",\"dependent_providers\":[],\"client_authentication\":{\"authentication_scheme\":\"form\",\"client_secret\":\"Enter_Client_Secret\",\"client_id\":\"Enter_Client_Id\"},\"oauthProviderType\":\"default\",\"authorization_endpoint\":\"https://login.microsoftonline.com/common/oauth2/authorize?\",\"token_endpoint\":\"https://login.microsoftonline.com/common/oauth2/token\"}",
  "policyConfig" : "{\"max_login_fail\":5,\"def_user_status\":\"pending\"}",
  "admissionPolicy" : "no_approval_needed",
  "identityMeta" : {
    "allow_sso" : false
  },
  "ssoenabled" : false
}