{
  "name" : "reusableFacebookLogin",
  "displayName" : "reusableFacebookLogin",
  "type" : "facebook",
  "version" : "1.0",
  "metaPreference" : -1,
  "config" : "{\"scope\":\"email\",\"callback\":\"https://100000087.auth.konycloud.com/oauth2/callback\",\"client_secret\":\"Enter_Client_Secret\",\"client_id\":\"Enter_Client_Id\",\"url\":\"https://graph.facebook.com\"}",
  "policyConfig" : "{\"max_login_fail\":5,\"def_user_status\":\"pending\"}",
  "admissionPolicy" : "no_approval_needed",
  "identityMeta" : {
    "allow_sso" : false
  },
  "ssoenabled" : false
}